tradeID,ts_exchange_ms,ts_received_ms,delay,price,volume
27654545,1754999144618,1754999144752,134,800.7,0.001
27654548,1754999148959,1754999149068,109,800.9,0.188702
27654760,1754999970506,1754999970617,111,803.3,0.02903
27654761,1754999974545,1754999974659,114,803.4,0.129817
27654763,1754999979038,1754999979151,113,803.4,1.120238
27654764,1754999979315,1754999979427,112,803.3,7.246574
27654765,1754999988653,1754999988768,115,803.2,0.023904
27654769,1754999992884,1754999992997,113,803.1,1.97112
27654770,1754999992884,1754999992997,113,803.2,0.805087
27654772,1754999996752,1754999996865,113,803.3,0.539265
27654773,1755000012189,1755000012299,110,803.5,0.054173
27654774,1755000012963,1755000013073,110,803.5,0.01789
27654775,1755000013340,1755000013453,113,803.5,0.016179
27654778,1755000017640,1755000017755,115,803.6,0.006222
27654779,1755000021441,1755000021561,120,803.6,0.000704
27654781,1755000021441,1755000021561,120,803.7,0.005517
27654787,1755000022398,1755000022508,110,803.7,0.11908
27654788,1755000023578,1755000023691,113,803.6,0.299
27654789,1755000026011,1755000026125,114,803.7,0.000006
27654795,1755000026011,1755000026126,115,803.8,0.034393
27654796,1755000028096,1755000028206,110,803.7,0.012518
27654797,1755000030106,1755000030216,110,803.6,0.001035
27654798,1755000030106,1755000030216,110,803.6,0.001035
27654799,1755000030106,1755000030216,110,803.6,0.001035
27654800,1755000030106,1755000030216,110,803.6,0.001035
27654801,1755000030106,1755000030216,110,803.6,0.001035
27654802,1755000030106,1755000030219,113,803.6,0.001035
27654803,1755000030106,1755000030219,113,803.6,0.001035
27654804,1755000030106,1755000030220,114,803.6,0.001035
27654805,1755000030106,1755000030220,114,803.6,0.001035
27654806,1755000030106,1755000030220,114,803.6,0.001035
27654813,1755000037321,1755000037438,117,803.8,3.220938
27654814,1755000065762,1755000065875,113,803.6,0.022887
27654815,1755000066730,1755000066840,110,803.5,0.012444
27654817,1755000087339,1755000087449,110,803.4,0.001134
27654818,1755000092986,1755000093100,114,803.4,0.267302
27654820,1755000119779,1755000119891,112,803.2,0.003702
27654822,1755000140963,1755000141074,111,803.1,0.373552
27654823,1755000154032,1755000154143,111,803.1,0.54574
27654824,1755000161994,1755000162107,113,803.1,0.003785
27654825,1755000167340,1755000167457,117,803.1,1.098532
27654826,1755000178485,1755000178599,114,803.2,0.149429
27654827,1755000178485,1755000178599,114,803.3,0.821744
27654828,1755000181503,1755000181615,112,803.3,0.099589
27654829,1755000183386,1755000183496,110,803.2,0.022594
27654830,1755000189661,1755000189785,124,803.1,0.054501
27654831,1755000191530,1755000191645,115,803.1,0.018326
27654832,1755000198056,1755000198166,110,803,0.001
27654833,1755000211551,1755000211661,110,803,0.156787
27654834,1755000223698,1755000223811,113,802.9,0.257477
27654835,1755000242456,1755000242575,119,802.9,0.005355
27654837,1755000247528,1755000247641,113,802.9,0.35268
27654838,1755000251716,1755000251825,109,802.9,0.000003
27654841,1755000261941,1755000262059,118,802.9,1.483827
27654842,1755000273944,1755000274054,110,802.9,0.130807
27654843,1755000281709,1755000281821,112,802.9,0.307373
27654844,1755000281928,1755000282041,113,802.9,0.478158
27654845,1755000282434,1755000282547,113,802.9,0.204469
27654846,1755000283956,1755000284073,117,802.8,0.001
27654849,1755000286604,1755000286717,113,802.8,1.241841
27654850,1755000294843,1755000294956,113,802.8,0.155152
27654853,1755000296937,1755000297048,111,802.9,1.184541
27654854,1755000297491,1755000297601,110,802.9,0.00795
27654855,1755000301564,1755000301673,109,802.9,1.1552
27654856,1755000314349,1755000314468,119,802.8,0.53608
27654857,1755000314356,1755000314468,112,802.8,1
27654858,1755000314358,1755000314469,111,802.8,0.8002
27654859,1755000319437,1755000319551,114,802.7,0.002702
27654860,1755000326718,1755000326843,125,802.6,0.001
27654861,1755000328311,1755000328425,114,802.5,0.001035
27654862,1755000332393,1755000332514,121,802.5,0.06017
27654864,1755000332947,1755000333057,110,802.5,0.610753
27654866,1755000334928,1755000335038,110,802.5,0.844793
27654867,1755000335778,1755000335891,113,802.4,0.001
27654869,1755000335779,1755000335891,112,802.3,0.11996
27654872,1755000340859,1755000340973,114,802.2,0.0249
27654873,1755000341056,1755000341166,110,802.2,0.000045
27654875,1755000345074,1755000345187,113,802,0.002474
27654876,1755000351844,1755000351954,110,802,0.001
27654877,1755000356276,1755000356385,109,802,0.619684
27654884,1755000369107,1755000369220,113,802.1,4.087934
27654890,1755000369107,1755000369220,113,802.2,3.626513
27654898,1755000369107,1755000369221,114,802.3,8.052498
27654907,1755000369107,1755000369221,114,802.4,8.091705
27654908,1755000369107,1755000369221,114,802.4,0.000022
27654922,1755000369110,1755000369221,111,802.5,23.103715
27654933,1755000369110,1755000369221,111,802.6,16.297436
27654947,1755000369111,1755000369221,110,802.7,13.409227
27654950,1755000369111,1755000369221,110,802.8,2.289083
27654959,1755000369111,1755000369221,110,802.8,15.49555
27654960,1755000369111,1755000369225,114,802.8,0.003998
27654962,1755000369111,1755000369225,114,802.9,2.150802
27654963,1755000369111,1755000369225,114,802.5,0.650997
27654965,1755000369113,1755000369225,112,802.5,1.8057
27654966,1755000369113,1755000369225,112,802.5,0.064623
27654967,1755000369114,1755000369225,111,802.6,0.258799
27654968,1755000369115,1755000369229,114,802.6,0.364642
27654969,1755000369115,1755000369229,114,802.7,0.112028
27654971,1755000369115,1755000369229,114,802.7,1.477413
27654975,1755000369115,1755000369229,114,802.8,2.887198
27654978,1755000369120,1755000369233,113,802.8,1.959998
27654982,1755000369120,1755000369233,113,803,2.120002
27654983,1755000369121,1755000369233,112,802.7,0.470077
27654985,1755000369122,1755000369233,111,802.7,0.379514
27654986,1755000369122,1755000369233,111,802.6,0.053769
27654988,1755000369122,1755000369233,111,802.6,0.47416
27654989,1755000369122,1755000369233,111,802.6,0.321555
27654990,1755000369128,1755000369239,111,802.7,0.48656
27654991,1755000369132,1755000369242,110,802.5,2.781737
27654992,1755000369134,1755000369243,109,802.5,0.278286
27654994,1755000369137,1755000369247,110,802.5,0.9675
27654996,1755000369143,1755000369252,109,802.4,0.48
27654997,1755000369338,1755000369447,109,802.3,0.002702
27654998,1755000380157,1755000380269,112,802.2,0.001
27654999,1755000390207,1755000390319,112,802,0.001
27655000,1755000390207,1755000390319,112,801.9,0.018448
27655001,1755000406692,1755000406805,113,801.9,0.089662
27655003,1755000414344,1755000414454,110,801.8,0.003702
27655005,1755000414344,1755000414454,110,801.7,0.00408
27655009,1755000431044,1755000431157,113,801.6,0.015444
27655013,1755000431044,1755000431157,113,801.5,0.026821
27655014,1755000444150,1755000444262,112,801.5,0.01347
27655015,1755000452557,1755000452674,117,801.5,0.545779
27655017,1755000455362,1755000455475,113,801.6,1.21413
27655018,1755000457214,1755000457324,110,801.6,0.065
27655019,1755000460229,1755000460341,112,801.7,0.545687
27655021,1755000512214,1755000512327,113,801.5,0.9915
27655026,1755000512219,1755000512333,114,801.4,0.011884
27655029,1755000536610,1755000536722,112,801.3,0.026671
27655033,1755000545996,1755000546105,109,801.2,0.010217
27655034,1755000550985,1755000551099,114,801.1,0.008383
27655036,1755000554614,1755000554724,110,801,0.003356
27655037,1755000563588,1755000563705,117,801,0.016092
27655038,1755000570063,1755000570173,110,801.1,0.25876
27655039,1755000588486,1755000588598,112,801.2,0.545655
27655040,1755000603467,1755000603576,109,801.3,0.045307
27655041,1755000604008,1755000604125,117,801.3,0.016475
27655042,1755000604055,1755000604167,112,801.3,0.015102
27655043,1755000604087,1755000604199,112,801.3,0.082376
27655044,1755000604120,1755000604232,112,801.3,0.10297
27655045,1755000604153,1755000604268,115,801.3,0.027458
27655046,1755000604186,1755000604295,109,801.3,0.068647
27655048,1755000604220,1755000604333,113,801.3,0.123564
27655049,1755000604256,1755000604371,115,801.3,0.116699
27655050,1755000619569,1755000619682,113,801.1,0.003997
27655053,1755000619569,1755000619682,113,801,0.904765
27655054,1755000619570,1755000619682,112,801,0.294288
27655056,1755000619570,1755000619682,112,801,0.389658
27655057,1755000619570,1755000619683,113,801,0.400558
27655058,1755000620023,1755000620133,110,801,0.133594
27655062,1755000630336,1755000630451,115,800.9,0.013356
27655065,1755000661007,1755000661119,112,800.8,0.006174
27655066,1755000667634,1755000667750,116,800.7,0.001949
27655067,1755000668378,1755000668487,109,800.7,0.028717
27655071,1755000674747,1755000674857,110,800.7,1.241535
27655072,1755000690629,1755000690742,113,800.7,0.027318
27655073,1755000698292,1755000698409,117,800.7,0.1
27655077,1755000701641,1755000701753,112,800.6,0.062323
27655079,1755000706601,1755000706715,114,800.6,1.493383
27655090,1755000706601,1755000706715,114,800.5,2.075994
27655091,1755000706606,1755000706716,110,800.7,0.545503
27655095,1755000706606,1755000706716,110,800.7,3.250187
27655099,1755000706606,1755000706716,110,800.8,3.025254
27655107,1755000706606,1755000706716,110,800.8,3.080497
27655109,1755000706606,1755000706716,110,800.8,0.509913
27655110,1755000706611,1755000706720,109,800.7,0.36303
27655111,1755000706621,1755000706732,111,800.8,3.101929
27655112,1755000706943,1755000707056,113,800.9,0.002702
27655115,1755000707734,1755000707866,132,801.2,0.6252
27655116,1755000707738,1755000707866,128,801.2,0.000043
27655117,1755000708121,1755000708233,112,801.3,0.086388
27655120,1755000716995,1755000717110,115,801.4,0.060343
27655125,1755000717346,1755000717459,113,801.3,2.368753
27655127,1755000717346,1755000717459,113,801.2,0.393907
27655128,1755000719447,1755000719557,110,801.4,0.488666
27655129,1755000721830,1755000721949,119,801.6,0.001
27655130,1755000740924,1755000741033,109,801.6,0.01464
27655131,1755000747836,1755000747950,114,801.5,0.011093
27655133,1755000748478,1755000748587,109,801.6,0.624106
27655135,1755000762115,1755000762228,113,801.8,0.0037
27655136,1755000766486,1755000766596,110,801.8,0.000002
27655137,1755000766486,1755000766596,110,801.9,0.043357
27655139,1755000768034,1755000768144,110,802,0.115126
27655140,1755000782208,1755000782327,119,802.1,0.0187
27655141,1755000812981,1755000813091,110,801.8,0.300495
27655142,1755000850346,1755000850455,109,801.9,0.010475
27779996,1755169690211,1755169690333,122,859.9,0.12286
27779997,1755169690211,1755169690334,123,859.9,0.4134
27779998,1755169690401,1755169690536,135,860,0.311596
27779999,1755169690401,1755169690536,135,860,0.39595
27780000,1755169690455,1755169690566,111,860.1,0.41553
27780001,1755169690463,1755169690575,112,860.1,0.418162
27780002,1755169695139,1755169695269,130,860,0.072606
27780003,1755169695147,1755169695269,122,860,0.290425
27780005,1755169695303,1755169695415,112,859.9,0.051824
27780007,1755169695762,1755169695874,112,860.1,0.714392
27780008,1755169697005,1755169697117,112,860.4,0.001
27780009,1755169697005,1755169697117,112,860.5,0.030385
27780063,1755169825416,1755169825538,122,861.3,0.1
27780064,1755169826039,1755169826166,127,861.4,0.001
27780067,1755169826039,1755169826167,128,861.5,0.148163
27780068,1755169828766,1755169828890,124,861.4,0.174247
27780075,1755169828766,1755169828890,124,861.3,7.325595
27780082,1755169828766,1755169828890,124,861.2,5.150449
27780090,1755169828766,1755169828890,124,861.1,9.698568
27780100,1755169828766,1755169828890,124,861,12.616704
27780101,1755169828792,1755169828918,126,861.3,1.632513
27780103,1755169828792,1755169828918,126,861.3,4.171975
27780105,1755169838914,1755169839038,124,861.6,0.004621
27780106,1755169840505,1755169840630,125,861.8,0.001
27780109,1755169841991,1755169842114,123,862,0.026154
27780110,1755169842267,1755169842389,122,862.1,0.005342
27780111,1755169845630,1755169845756,126,862.1,0.174085
27780112,1755169858605,1755169858726,121,862.2,0.002254
27780113,1755169858761,1755169858886,125,862.2,0.065699
27780117,1755169859374,1755169859495,121,862.3,0.012435
27780122,1755169863046,1755169863168,122,862.4,0.020838
27780125,1755169863262,1755169863394,132,862.5,0.015614
27780129,1755169863662,1755169863785,123,862.6,0.125265
27780131,1755169864434,1755169864558,124,862.7,0.067168
27780133,1755169865052,1755169865173,121,862.8,0.00407
27780134,1755169867725,1755169867854,129,862.8,0.173903
27780135,1755169867726,1755169867854,128,862.8,0.034792
27780137,1755169871430,1755169871552,122,862.9,0.003287
27780144,1755169872828,1755169872950,122,863,0.030359
27780148,1755169873837,1755169873959,122,863.1,0.014412
27780151,1755169879672,1755169879794,122,863.2,0.021547
27780152,1755169882958,1755169883082,124,863.1,0.023209
27780154,1755169884238,1755169884366,128,863.2,0.003682
27780160,1755169884238,1755169884366,128,863.3,0.095241
27780165,1755169887980,1755169888105,125,863.4,0.034746
27780167,1755169891082,1755169891206,124,863.3,0.390399
27780169,1755169896670,1755169896792,122,863.4,0.090811
27780170,1755169897448,1755169897578,130,863.4,0.284688
27780175,1755169902355,1755169902480,125,863.5,0.01498
27780181,1755169902355,1755169902480,125,863.6,1.409451
27780186,1755169902355,1755169902480,125,863.7,0.639569
27780187,1755169903564,1755169903688,124,863.6,0.247179
27780189,1755169905928,1755169906065,137,863.5,0.6
27780190,1755169907406,1755169907532,126,863.5,0.073942
27780191,1755169909456,1755169909578,122,863.3,0.06426
27780194,1755169910232,1755169910357,125,863.4,1.2
27780195,1755169912048,1755169912170,122,863.6,0.013847
27780196,1755169915190,1755169915311,121,863.6,0.016092
27780199,1755169920430,1755169920560,130,863.8,0.011311
27780202,1755169921076,1755169921198,122,863.8,3.332461
27780203,1755169921378,1755169921514,136,863.8,0.28
27780204,1755169922362,1755169922485,123,863.8,0.769497
27780207,1755169925235,1755169925360,125,863.9,0.00986
27780217,1755169925244,1755169925365,121,864,0.079553
27780219,1755169925950,1755169926078,128,864,0.543386
27780220,1755169926406,1755169926530,124,863.7,2.953163
27780221,1755169934788,1755169934932,144,863.6,0.001
27780222,1755169935533,1755169935684,151,863.4,0.001
27780224,1755169935533,1755169935684,151,863.2,1.434718
27780225,1755169940872,1755169940998,126,863.2,0.01069
27780226,1755169942534,1755169942666,132,863.2,0.08
27780227,1755169955279,1755169955400,121,863,0.001
27780228,1755169955605,1755169955730,125,862.9,0.116269
27780229,1755169962480,1755169962619,139,862.8,0.001
27780230,1755169964492,1755169964622,130,862.7,0.180132
27780231,1755169969768,1755169969889,121,862.7,0.058261
27780233,1755169969768,1755169969894,126,862.8,0.05186
27780234,1755169969935,1755169970057,122,862.8,0.154728
27780235,1755169978941,1755169979066,125,862.6,0.001
27780237,1755169978941,1755169979066,125,862.5,0.384
27780238,1755169986458,1755169986586,128,862.5,0.059997
27780241,1755169987923,1755169988044,121,862.6,0.58057
27780242,1755169996479,1755169996600,121,862.5,0.136217
27780244,1755170001525,1755170001651,126,862.4,0.002949
27780245,1755170004348,1755170004473,125,862.4,0.144899
27780246,1755170004348,1755170004473,125,862.5,0.087095
27780247,1755170013290,1755170013419,129,862.3,0.004638
27780261,1755170084327,1755170084719,392,862.4,0.285191
27780262,1755170084340,1755170084720,380,862.3,0.277918
27780263,1755170099016,1755170099134,118,862.5,0.173958
27780264,1755170104938,1755170105056,118,862.5,0.05
27780267,1755170108665,1755170108780,115,862.6,2.538892
27780270,1755170109027,1755170109147,120,862.7,0.019425
27780271,1755170118909,1755170119065,156,862.5,0.498776
27780272,1755170118917,1755170119065,148,862.4,0.436124
27780273,1755170119299,1755170119460,161,862.3,0.278643
27780275,1755170119300,1755170119474,174,862.3,0.608128
27780276,1755170119305,1755170119482,177,862.4,0.515633
27780277,1755170119308,1755170119482,174,862.4,1.32023
27780279,1755170119308,1755170119482,174,862.4,0.887259
27780280,1755170119308,1755170119482,174,862.4,0.668611
27780281,1755170119656,1755170119774,118,862.4,0.3
27780282,1755170119692,1755170119808,116,862.5,0.121027
27780283,1755170124431,1755170124555,124,862.7,0.198
27780284,1755170141723,1755170141838,115,862.7,0.028299
27780286,1755170150359,1755170150478,119,862.8,0.57415
27780287,1755170152706,1755170152843,137,862.6,0.855
27780291,1755170152712,1755170152862,150,862.5,5.468585
27780292,1755170153253,1755170153392,139,862.4,0.169708
27780293,1755170153254,1755170153392,138,862.5,0.494764
27780295,1755170153256,1755170153392,136,862.6,0.580367
27780296,1755170153260,1755170153392,132,862.6,1.467756
27780297,1755170153261,1755170153395,134,862.6,0.566665
27780298,1755170153262,1755170153395,133,862.6,0.48306
27780301,1755170167615,1755170167730,115,862.6,0.704366
27780303,1755170179563,1755170179681,118,862.7,0.127855
27780306,1755170186278,1755170186415,137,862.7,0.892508
27780307,1755170186306,1755170186449,143,862.6,0.496158
27780308,1755170186805,1755170186938,133,862.4,0.363031
27780311,1755170186809,1755170186948,139,862.5,0.6851
27780313,1755170186809,1755170186948,139,862.5,1.04709
27780315,1755170186812,1755170186949,137,862.6,0.672988
27780318,1755170186812,1755170186949,137,862.6,0.845402
27780319,1755170186812,1755170186949,137,862.6,0.798953
27780320,1755170186819,1755170186960,141,862.6,0.376023
27780321,1755170187191,1755170187310,119,862.6,0.144865
27780322,1755170188022,1755170188142,120,862.6,0.169239
27780326,1755170188333,1755170188451,118,862.7,1.579745
27780327,1755170189339,1755170189457,118,862.5,0.142
27780328,1755170200272,1755170200394,122,862.7,0.173863
27780330,1755170200272,1755170200394,122,862.6,0.500361
27780333,1755170203939,1755170204057,118,862.9,0.369915
27780334,1755170207358,1755170207472,114,862.8,0.016206
27780336,1755170225202,1755170225320,118,862.6,1.6
27780337,1755170231852,1755170231967,115,862.7,0.339631
27780338,1755170232857,1755170232972,115,862.7,0.005795
27780343,1755170233398,1755170233514,116,862.6,2.349081
27780348,1755170233398,1755170233514,116,862.5,3.447348
27780352,1755170233405,1755170233520,115,862.5,1.789174
27780359,1755170233405,1755170233520,115,862.4,4.007255
27780362,1755170234171,1755170234285,114,862.6,1.401862
27780365,1755170234415,1755170234530,115,862.5,0.681386
27780366,1755170238979,1755170239094,115,862.4,0.002319
27780367,1755170239853,1755170239978,125,862.3,0.006775
27780369,1755170265523,1755170265642,119,862.7,0.0025
27780370,1755170265523,1755170265643,120,862.8,0.058188
27780371,1755170279119,1755170279233,114,862.8,0.131029
27780373,1755170306737,1755170306858,121,862.2,0.048378
27780715,1755170947607,1755170947727,120,860.4,0.005626
27780716,1755170949722,1755170949838,116,860.5,0.001
27780717,1755170968532,1755170968649,117,860.7,0.001
27780719,1755170981515,1755170981635,120,860.8,0.17206
27780720,1755170994940,1755170995060,120,860.6,0.001
27780721,1755171004362,1755171004479,117,860.6,0.06
27780722,1755171005145,1755171005266,121,860.7,0.023
27780723,1755171005736,1755171005856,120,860.8,0.000004
27780725,1755171005962,1755171006078,116,860.9,0.002947
27780728,1755171010078,1755171010195,117,861,0.684154
27780729,1755171016887,1755171017008,121,860.6,0.007474
27780731,1755171029235,1755171029353,118,860.5,0.140434
27780732,1755171029235,1755171029353,118,860.4,1.182926
27780739,1755171029236,1755171029354,118,860.3,6.744998
27780748,1755171029236,1755171029354,118,860.2,5.738593
27780751,1755171029239,1755171029355,116,860.1,1.16771
27780755,1755171029239,1755171029355,116,860,7.580478
27780757,1755171029242,1755171029362,120,859.9,5.266507
27780759,1755171029242,1755171029362,120,859.9,0.528011
27780760,1755171029242,1755171029362,120,859.9,1.172
27780763,1755171029243,1755171029362,119,859.8,0.324795
27780764,1755171029243,1755171029362,119,859.8,0.5019
27780765,1755171029243,1755171029362,119,859.8,1.115334
27780766,1755171029243,1755171029362,119,859.8,0.827207
27780767,1755171029243,1755171029362,119,859.8,0.743557
27780770,1755171029255,1755171029372,117,859.7,2.1925
27780771,1755171029326,1755171029443,117,859.6,0.0015
27780773,1755171029347,1755171029463,116,859.5,1.5015
27780774,1755171029457,1755171029577,120,859.4,0.0015
27780778,1755171030569,1755171030685,116,859.3,0.02
27780782,1755171030607,1755171030726,119,859.4,1.5895
27780783,1755171039230,1755171039347,117,859.8,0.049392
27780784,1755171044435,1755171044555,120,859.8,4.996
28607157,1756746868374,1756746868484,110,846,1.02
28607159,1756746904964,1756746905074,110,846.1,0.696765
28607161,1756746914324,1756746914436,112,846,0.069999
28607162,1756746914330,1756746914439,109,846,0.01522
28607164,1756746954511,1756746954633,122,845.9,4.398
28607166,1756746963457,1756746963576,119,846.1,0.391563
28607167,1756746964154,1756746964284,130,846.1,0.111504
28607168,1756746964930,1756746965043,113,846.1,0.284147
28607169,1756746969733,1756746969845,112,846,0.008831
28607171,1756747006328,1756747006473,145,846.2,2.132588
28607172,1756747011555,1756747011668,113,846.3,0.095104
28607173,1756747015980,1756747016102,122,846.4,0.001
28607175,1756747015980,1756747016102,122,846.5,0.467514
28607177,1756747032341,1756747032453,112,846.5,0.816471
28607178,1756747043650,1756747043762,112,846.3,0.005789
28607179,1756747043650,1756747043762,112,846.2,1.545872
28607180,1756747043650,1756747043762,112,846.1,0.62
28607181,1756747044255,1756747044365,110,846,0.001
28607182,1756747044255,1756747044365,110,845.9,0.277036
28607186,1756747060458,1756747060570,112,845.9,2.71
28607190,1756747068200,1756747068310,110,845.8,0.236488
28607191,1756747068958,1756747069070,112,845.8,0.107203
28607192,1756747077229,1756747077343,114,845.9,0.06
28607193,1756747083349,1756747083466,117,846,0.12
28607194,1756747092162,1756747092278,116,846,0.003675
28607195,1756747104175,1756747104320,145,846.1,0.12
28607196,1756747114934,1756747115049,115,846.2,0.066025
28607197,1756747116090,1756747116202,112,846.2,0.032037
28607199,1756747132738,1756747132850,112,846.2,0.156974
28607200,1756747142374,1756747142486,112,846.1,0.27202
28607202,1756747160601,1756747160716,115,846.1,0.356378
28607203,1756747172372,1756747172482,110,846.1,0.12
28647926,1756891283401,1756891283508,107,853.2,0.004704
28647927,1756891283537,1756891283645,108,853.3,0.005859
28647928,1756891294790,1756891294897,107,853.3,0.927579
28647929,1756891297605,1756891297710,105,853.3,1.014055
28647930,1756891313557,1756891313661,104,853.3,0.460579
28647931,1756891320988,1756891321092,104,853.2,0.014811
28647932,1756891323356,1756891323472,116,853.2,0.025537
28647933,1756891328569,1756891328673,104,853.3,0.594653
28647935,1756891330899,1756891331003,104,853,0.356413
28647936,1756891366590,1756891366694,104,852.9,0.001
28647938,1756891366590,1756891366694,104,852.8,0.118999
28647939,1756891366593,1756891366697,104,852.8,0.119999
28647940,1756891369860,1756891369968,108,852.9,0.043967
28647943,1756891393236,1756891393346,110,852.7,0.585785
28647944,1756891406357,1756891406461,104,852.8,0.011726
28647945,1756891415854,1756891415961,107,852.8,0.056
28647946,1756891444143,1756891444251,108,852.9,0.001055
28647947,1756891452784,1756891452889,105,852.9,0.138551
28647948,1756891478428,1756891478536,108,852.9,0.119999
28647949,1756891478428,1756891478536,108,852.9,0.119999
28647950,1756891483517,1756891483626,109,852.9,0.002344
28647951,1756891494872,1756891494978,106,852.9,0.266875
28647952,1756891510025,1756891510132,107,852.9,0.21223
28647954,1756891517211,1756891517320,109,853,0.03404
28647955,1756891524230,1756891524334,104,853,0.001634
28647956,1756891540098,1756891540210,112,853,0.077427
28647959,1756891540098,1756891540210,112,853.1,1.501643
28647960,1756891540123,1756891540231,108,853.1,0.782886
28647961,1756891540194,1756891540301,107,853,0.009306
28647962,1756891547983,1756891548090,107,853.1,0.245832
28647963,1756891547995,1756891548100,105,853.1,0.07321
28647964,1756891610774,1756891610881,107,853.1,0.001793
28647965,1756891627004,1756891627111,107,853.1,0.0162
28647966,1756891627007,1756891627111,104,853.1,0.00006
28647967,1756891627657,1756891627761,104,853,0.048052
28647968,1756891628995,1756891629102,107,853,0.01172
28647969,1756891635381,1756891635491,110,853,0.023446
28647970,1756891655031,1756891655135,104,853,0.058616
28647971,1756891672372,1756891672482,110,853,0.117233
28647972,1756891680598,1756891680705,107,852.9,0.119999
28647973,1756891680598,1756891680705,107,852.9,0.119999
28647974,1756891699654,1756891699765,111,852.8,0.018975
28647976,1756891700701,1756891700809,108,852.9,1.62395
28647977,1756891715267,1756891715375,108,853,0.0015
28647979,1756891715267,1756891715375,108,853.1,0.18971
28647980,1756891719459,1756891719567,108,853,0.002434
28647981,1756891810982,1756891811093,111,853,0.068499
28647982,1756891827482,1756891827590,108,853.1,0.003516
28647986,1756891837683,1756891837791,108,853.2,0.055086
28647987,1756891880999,1756891881106,107,853.3,0.255
28647988,1756891887761,1756891887866,105,853.3,0.119999
28647989,1756891887761,1756891887866,105,853.3,0.119999
28647990,1756891888006,1756891888111,105,853.3,2.134638
28647991,1756891888007,1756891888112,105,853.3,0.926682
28647994,1756891888010,1756891888116,106,853.4,0.07886
28647995,1756891892063,1756891892190,127,853.3,1.027073
28647996,1756891892067,1756891892190,123,853.3,0.12
28647997,1756891892067,1756891892190,123,853.3,0.602343
28647998,1756891892067,1756891892190,123,853.3,0.119999
28647999,1756891892067,1756891892190,123,853.3,0.119999
28648000,1756891892067,1756891892191,124,853.3,0.119999
28648001,1756891892067,1756891892191,124,853.3,0.119999
28648002,1756891892067,1756891892192,125,853.3,0.119999
28648003,1756891892068,1756891892192,124,853.3,0.12
28648004,1756891892068,1756891892192,124,853.3,0.119999
28648005,1756891892068,1756891892192,124,853.3,0.119999
28648006,1756891892068,1756891892192,124,853.3,0.12
28648007,1756891892068,1756891892197,129,853.3,0.119999
28648008,1756891892068,1756891892197,129,853.3,0.12
28648009,1756891892068,1756891892197,129,853.3,0.119999
28648010,1756891892068,1756891892197,129,853.3,0.12
28648011,1756891892068,1756891892197,129,853.3,0.119999
28648012,1756891892068,1756891892197,129,853.3,0.119999
28648013,1756891892068,1756891892197,129,853.3,0.347505
28648014,1756891892069,1756891892197,128,853.3,0.119999
28648015,1756891892069,1756891892197,128,853.3,0.12
28648016,1756891892071,1756891892198,127,853.3,0.119999
28648017,1756891892078,1756891892200,122,853.3,0.119999
28648018,1756891892082,1756891892200,118,853.3,0.84946
28648019,1756891892110,1756891892220,110,853.3,1.057962
28648020,1756891892185,1756891892292,107,853.3,0.957571
28648021,1756891892223,1756891892336,113,853.3,0.826291
28648022,1756891892223,1756891892336,113,853.3,1.891976
28648023,1756891892381,1756891892485,104,853.3,2.48353
28648025,1756891892395,1756891892500,105,853.3,4.427159
28648026,1756891900401,1756891900508,107,853.2,0.012276
28648027,1756891929789,1756891929897,108,853,0.002344
28648030,1756891929789,1756891929897,108,852.9,0.019125
28648031,1756891940614,1756891940725,111,852.9,0.093617
28648032,1756891957475,1756891957583,108,852.9,0.310704
28648033,1756891968285,1756891968392,107,852.9,0.034847
28648034,1756891993712,1756891993816,104,852.9,0.040655
28648036,1756892014170,1756892014278,108,853.3,0.096105
28648037,1756892027911,1756892028021,110,853.3,0.021656
28648038,1756892028706,1756892028813,107,853.2,0.016506
28648039,1756892030778,1756892030884,106,853.4,0.106681
28648040,1756892061493,1756892061601,108,853.4,0.001
28648044,1756892071819,1756892071923,104,853.6,0.238367
28648045,1756892072697,1756892072804,107,853.6,0.820056
28648046,1756892072927,1756892073030,103,853.6,0.016568
28648047,1756892082174,1756892082280,106,853.6,0.032035
28648049,1756892090437,1756892090540,103,853.6,0.244675
28648050,1756892120271,1756892120378,107,853.6,0.053839
28648051,1756892122647,1756892122751,104,853.6,0.002108
28648052,1756892146313,1756892146417,104,853.5,0.358763
28648053,1756892148636,1756892148740,104,853.6,0.01306
28648056,1756892157902,1756892158008,106,853.6,0.164794
28648059,1756892157924,1756892158028,104,853.7,0.234192
28648060,1756892157925,1756892158031,106,853.7,0.175644
28648061,1756892157926,1756892158031,105,853.7,0.175644
28648062,1756892159206,1756892159313,107,853.7,0.054059
28648063,1756892173641,1756892173747,106,853.5,0.017991
28648064,1756892190641,1756892190744,103,853.5,0.032652
28648066,1756892204257,1756892204363,106,853.5,1.612789
28648067,1756892224171,1756892224277,106,853.4,0.01
28648068,1756892234846,1756892234949,103,853.3,0.119999
28648069,1756892234847,1756892234949,102,853.3,0.119999
28648070,1756892256901,1756892257007,106,853.4,0.134247
28648071,1756892268551,1756892268654,103,853.4,0.092353
28648073,1756892281488,1756892281591,103,853.4,0.147982
28648075,1756892281488,1756892281591,103,853.5,0.447672
28648078,1756892287049,1756892287158,109,853.6,0.2
28648079,1756892288150,1756892288258,108,853.5,0.005645
28648080,1756892291864,1756892291970,106,853.6,0.00328
28648081,1756892307634,1756892307740,106,853.6,0.02127
28648082,1756892309404,1756892309510,106,853.6,0.025815
28648084,1756892312575,1756892312681,106,853.6,0.404778
28648085,1756892315065,1756892315178,113,853.5,2.194473
28648087,1756892315065,1756892315178,113,853.4,2.516388
28648088,1756892339518,1756892339625,107,853.2,0.119999
28648089,1756892339519,1756892339625,106,853.2,0.119999
28648093,1756892340439,1756892340543,104,853.1,0.119999
28648094,1756892346965,1756892347073,108,853.1,0.056499
28648095,1756892356973,1756892357079,106,853,0.261287
28648097,1756892359252,1756892359358,106,852.9,0.001383
28648098,1756892361733,1756892361839,106,853,0.123094
28648099,1756892390453,1756892390559,106,853,0.01184
28648100,1756892395421,1756892395527,106,853.1,0.070054
28648101,1756892404726,1756892404831,105,853.1,0.101251
28648102,1756892410226,1756892410333,107,853.1,0.001171
28648103,1756892422531,1756892422638,107,853.1,0.154169
28648105,1756892446909,1756892447021,112,853.4,0.002343
28648107,1756892464421,1756892464527,106,853.6,0.163437
28648108,1756892468548,1756892468655,107,853.5,0.400974
28648110,1756892499954,1756892500057,103,853.8,0.009369
28648111,1756892504532,1756892504638,106,853.5,0.119999
28648112,1756892504533,1756892504639,106,853.5,0.119999
28648113,1756892510848,1756892510971,123,853.6,1.40642
28648114,1756892518567,1756892518672,105,853.6,0.014
28648115,1756892524003,1756892524107,104,853.7,0.163992
28648116,1756892526533,1756892526636,103,853.5,0.076
28648117,1756892529794,1756892529899,105,853.5,0.03
28648118,1756892540278,1756892540381,103,853.6,0.002106
28648119,1756892540505,1756892540610,105,853.7,0.226681
28648120,1756892584241,1756892584347,106,853.6,1.312963
28648121,1756892589471,1756892589576,105,853.6,0.140757
28648122,1756892590523,1756892590629,106,853.6,0.011256
28648123,1756892599353,1756892599459,106,853.6,0.562618
28648124,1756892605376,1756892605481,105,853.6,0.016283
28648125,1756892606078,1756892606184,106,853.6,0.007923
28648130,1756892641697,1756892641803,106,854,0.24467
28648131,1756892642992,1756892643096,104,854,0.134169
28648134,1756892646180,1756892646285,105,854,2.106203
28648135,1756892646180,1756892646285,105,854.1,1.424039
28648136,1756892654393,1756892654543,150,853.7,0.119999
28648137,1756892654394,1756892654543,149,853.7,0.089999
28648138,1756892660307,1756892660413,106,853.8,0.289051
28648140,1756892666037,1756892666142,105,853.6,3.325
28648141,1756892672596,1756892672699,103,853.6,0.119999
28648142,1756892672596,1756892672699,103,853.6,0.119999
28648143,1756892679706,1756892679812,106,853.6,0.210285
28648144,1756892714573,1756892714679,106,853.7,0.003982
28648147,1756892717026,1756892717136,110,853.5,0.119999
28648148,1756892717027,1756892717136,109,853.5,0.119999
28648149,1756892720702,1756892720806,104,853.6,0.139173
28648151,1756892720954,1756892721059,105,853.6,0.396466
28648152,1756892734309,1756892734415,106,853.6,0.039
28648153,1756892738358,1756892738463,105,853.6,0.036768
28648154,1756892751699,1756892751803,104,853.6,0.040768
28648157,1756892755190,1756892755295,105,853.6,2.836772
28648158,1756892755190,1756892755295,105,853.7,0.963228
28648159,1756892755349,1756892755455,106,853.7,0.036277
28648161,1756892768578,1756892768683,105,853.7,0.234184
28648162,1756892768653,1756892768757,104,853.7,0.117157
28648164,1756892768653,1756892768757,104,853.8,0.058481
28648166,1756892768670,1756892768774,104,853.8,0.175638
28648167,1756892813342,1756892813447,105,853.6,8.478276
28648168,1756892813342,1756892813447,105,853.6,1.783019
28648169,1756892821616,1756892821721,105,853.6,0.081771
28648170,1756892848156,1756892848262,106,853.6,0.020959
28648171,1756892863608,1756892863713,105,853.8,0.033758
28648174,1756892898064,1756892898199,135,854,2.155871
28648175,1756892898075,1756892898258,183,854.1,0.004272
28648176,1756892898644,1756892898750,106,854.2,0.011706
28648179,1756892906632,1756892906739,107,854.2,3.238637
28648187,1756892906632,1756892906739,107,854.3,9.204507
28648188,1756892906632,1756892906739,107,854.4,0.136326
28648189,1756892920802,1756892920911,109,854.3,0.09067
28648190,1756892942591,1756892942695,104,854.3,0.234113
28648191,1756892942651,1756892942764,113,854.3,0.234113
28648192,1756892959029,1756892959131,102,854.2,0.008041
28648194,1756892961622,1756892961728,106,854.2,0.48162
28648195,1756892968851,1756892968957,106,854.1,0.029973
28648196,1756892973324,1756892973457,133,853.9,0.119999
28648197,1756892973333,1756892973464,131,853.9,0.119999
28648198,1756892973333,1756892973464,131,853.9,0.12
28648199,1756892973342,1756892973471,129,853.9,0.119999
28648200,1756892973378,1756892973494,116,853.9,0.119999
28648201,1756892973384,1756892973497,113,853.9,0.119999
28648202,1756892977284,1756892977391,107,854,0.31935
28648204,1756892991535,1756892991641,106,854.1,0.091322
28648205,1756893017231,1756893017336,105,854.2,0.033096
28648206,1756893025331,1756893025433,102,854.2,0.03512
28648207,1756893041129,1756893041230,101,854.2,0.175572
28648208,1756893041237,1756893041343,106,854.2,0.175572
28648209,1756893041240,1756893041348,108,854.2,0.234096
28648210,1756893043114,1756893043220,106,854.1,0.023165
28648211,1756893047849,1756893047954,105,853.9,0.013298
28648212,1756893051534,1756893051643,109,853.9,0.05
28648213,1756893052134,1756893052243,109,854,0.105115
28648214,1756893085130,1756893085235,105,853.9,0.145362
28648215,1756893098685,1756893098790,105,854,0.070257
28648216,1756893105875,1756893105985,110,853.7,0.119999
28648219,1756893105875,1756893105985,110,853.7,0.119999
28648221,1756893108275,1756893108379,104,853.7,0.119999
28648222,1756893108275,1756893108379,104,853.7,0.119999
28648223,1756893113020,1756893113125,105,853.8,0.005854
28648224,1756893120104,1756893120209,105,853.8,0.005856
28648227,1756893132781,1756893132883,102,854,0.228373
28648228,1756893134511,1756893134613,102,854,0.105115
28648229,1756893218512,1756893218617,105,854.1,0.122922
28648230,1756893233069,1756893233174,105,853.9,0.11938
28648231,1756893261826,1756893261938,112,854.1,0.092438
28648232,1756893270810,1756893270914,104,854.1,0.196909
28648234,1756893275794,1756893275900,106,854.1,0.057599
28648235,1756893305423,1756893305525,102,854.2,0.001
28648236,1756893305423,1756893305525,102,854.3,0.472917
28648237,1756893309044,1756893309149,105,854.3,0.023074
28648245,1756893327074,1756893327179,105,854.4,0.291783
28648246,1756893327226,1756893327328,102,854.4,0.039826
28648249,1756893343404,1756893343512,108,854.4,1.02411
28648250,1756893358446,1756893358552,106,854.4,0.048022
28648251,1756893364190,1756893364304,114,854.3,0.119999
28648252,1756893364190,1756893364304,114,854.3,0.119999
28648253,1756893369224,1756893369333,109,854.2,0.12
28648254,1756893369230,1756893369338,108,854.2,0.12
28648255,1756893369230,1756893369338,108,854.2,0.119999
28648256,1756893369249,1756893369352,103,854.2,0.119999
28648257,1756893369249,1756893369352,103,854.2,0.12
28648258,1756893369250,1756893369355,105,854.2,0.119999
28648259,1756893369250,1756893369355,105,854.2,0.12
28648260,1756893369250,1756893369355,105,854.2,0.119999
28648261,1756893369251,1756893369355,104,854.2,0.119999
28648262,1756893369251,1756893369355,104,854.2,0.119999
28648263,1756893369252,1756893369356,104,854.2,0.119999
28648264,1756893369682,1756893369786,104,854.3,0.049021
28648265,1756893370557,1756893370664,107,854.3,0.040922
28648266,1756893402229,1756893402333,104,854.4,0.019437
28648267,1756893412720,1756893412825,105,854.2,0.030563
28648268,1756893420289,1756893420390,101,854.1,0.119999
28648269,1756893420291,1756893420393,102,854.1,0.119999
28648273,1756893433375,1756893433483,108,854.3,1.630305
28648276,1756893453855,1756893453960,105,854.4,0.101111
28648277,1756893486015,1756893486120,105,854.3,0.099496
28648281,1756893487962,1756893488067,105,854.3,1.756291
28648282,1756893508225,1756893508329,104,854.3,0.001
28648283,1756893509470,1756893509576,106,854.3,0.145333
28648284,1756893509470,1756893509576,106,854.4,0.943466
28648286,1756893524290,1756893524402,112,854.4,0.133678
28648287,1756893538132,1756893538236,104,854.4,0.030664
28648288,1756893542833,1756893542937,104,854.3,0.116745
28648290,1756893572056,1756893572161,105,854.4,0.136397
28648291,1756893587505,1756893587609,104,854.3,0.004695
28648292,1756893604482,1756893604584,102,854.4,0.340004
28648293,1756893605358,1756893605463,105,854.4,0.005383
28648294,1756893608601,1756893608704,103,854.4,0.005266
28648295,1756893609389,1756893609491,102,854.4,0.076503
28648296,1756893617358,1756893617460,102,854.5,0.023405
28648297,1756893622185,1756893622295,110,854.5,0.00234
28648298,1756893623783,1756893623888,105,854.5,0.00234
28648300,1756893629896,1756893629998,102,854.4,2.198857
28648301,1756893629896,1756893629998,102,854.3,0.18094
28648302,1756893639332,1756893639433,101,854.4,0.069997
28648303,1756893639951,1756893640052,101,854.5,0.091164
28648304,1756893640970,1756893641076,106,854.5,0.106722
28648305,1756893662557,1756893662664,107,854.4,0.027889
28648306,1756893672179,1756893672293,114,854.4,0.019194
28648307,1756893731312,1756893731415,103,854.4,0.020936
28648308,1756893734696,1756893734800,104,854.5,0.134065
28648314,1756893737105,1756893737233,128,854.5,0.78043
28648316,1756893737861,1756893737966,105,854.5,0.85
28648317,1756893752184,1756893752289,105,854.5,0.009207
28648319,1756893752501,1756893752610,109,854.3,0.119999
28648320,1756893752501,1756893752610,109,854.3,0.119999
28648321,1756893753409,1756893753513,104,854.3,0.055239
28648322,1756893756454,1756893756558,104,854.1,0.001
28648324,1756893756721,1756893756827,106,854.1,0.093782
28648327,1756893767976,1756893768078,102,853.9,0.356097
28648328,1756893769983,1756893770088,105,854,0.798594
28648329,1756893776759,1756893776863,104,853.8,0.045497
28648331,1756893778954,1756893779056,102,853.9,0.633998
28648335,1756893781267,1756893781368,101,853.8,2.550304
28648339,1756893781267,1756893781368,101,853.7,1.907262
28648340,1756893788676,1756893788781,105,854.1,0.020255
28648341,1756893797367,1756893797469,102,854,0.557259
28648342,1756893799139,1756893799241,102,854,0.016303
28648343,1756893799445,1756893799549,104,854,0.004683
28648344,1756893805699,1756893805803,104,853.8,0.2
28648345,1756893826471,1756893826573,102,853.8,1.941228
28648347,1756893826485,1756893826592,107,853.7,0.119999
28648348,1756893826485,1756893826592,107,853.7,0.119999
28648349,1756893826486,1756893826592,106,853.7,0.12
28648350,1756893826486,1756893826592,106,853.7,0.12
28648351,1756893826486,1756893826592,106,853.7,0.119999
28648352,1756893826486,1756893826592,106,853.7,0.119999
28648353,1756893826486,1756893826592,106,853.7,0.119999
28648354,1756893826486,1756893826592,106,853.7,0.119999
28648355,1756893826486,1756893826592,106,853.7,0.119999
28648356,1756893826486,1756893826592,106,853.7,0.119999
28648357,1756893826486,1756893826592,106,853.7,0.119999
28648358,1756893826486,1756893826592,106,853.7,0.12
28648359,1756893826486,1756893826592,106,853.7,0.119999
28648360,1756893826486,1756893826592,106,853.7,0.12
28648361,1756893826487,1756893826593,106,853.7,0.12
28648362,1756893826487,1756893826593,106,853.7,0.119999
28648363,1756893826487,1756893826593,106,853.7,0.119999
28648364,1756893826487,1756893826593,106,853.7,0.05453
28648366,1756893826487,1756893826593,106,853.6,0.065469
28648367,1756893826488,1756893826593,105,853.6,0.119999
28648368,1756893827038,1756893827144,106,853.8,0.091591
28648369,1756893835347,1756893835451,104,853.8,0.003513
28648370,1756893844442,1756893844551,109,853.6,0.01738
28648371,1756893858110,1756893858229,119,853.9,1.181613
28648375,1756893858110,1756893858229,119,854,5.844286
28648376,1756893859327,1756893859433,106,853.8,0.011712
28648377,1756893877292,1756893877420,128,853.7,0.001171
28648379,1756893879958,1756893880064,106,853.6,1.054358
28648381,1756893884615,1756893884720,105,853.5,0.25
28648382,1756893889079,1756893889184,105,853.6,0.1
28648386,1756893891270,1756893891375,105,853.6,3.520493
28648387,1756893905947,1756893906048,101,853.4,0.024999
28648389,1756893907891,1756893907995,104,853.4,0.255
28648390,1756893909265,1756893909369,104,853.5,0.166199
28648392,1756893910297,1756893910402,105,853.7,0.003514
28648393,1756893914823,1756893914928,105,853.6,0.110108
28648394,1756893920012,1756893920117,105,853.6,0.02442
28648395,1756893925816,1756893925921,105,853.7,0.001013
28648396,1756893926558,1756893926669,111,853.6,0.012028
28648397,1756893947126,1756893947231,105,853.7,0.108903
28648399,1756893947502,1756893947606,104,853.7,0.128349
28648401,1756893953602,1756893953709,107,853.6,2.456931
28648403,1756893965730,1756893965836,106,853.3,0.169325
28648404,1756893996660,1756893996764,104,853.2,0.028
28648405,1756893999250,1756893999352,102,853.2,0.004678
28648406,1756894002002,1756894002105,103,853.3,0.058299
28648409,1756894022636,1756894022743,107,853.3,0.257462
28648412,1756894067659,1756894067770,111,853.6,0.1653
28648413,1756894086823,1756894086927,104,853.6,0.003514
28648414,1756894124005,1756894124107,102,853.6,0.659995
28648415,1756894143920,1756894144047,127,853.7,0.003554
28648416,1756894165828,1756894165933,105,853.6,0.127139
28648417,1756894166224,1756894166330,106,853.6,0.194213
28648418,1756894173487,1756894173597,110,853.5,2.039264
28648420,1756894186714,1756894186816,102,853.5,0.443
28648421,1756894196627,1756894196728,101,853.6,0.554475
28648422,1756894202780,1756894202885,105,853.6,0.017239
28648423,1756894206969,1756894207074,105,853.6,0.072054
28648426,1756894212234,1756894212339,105,853.7,2.242132
28648430,1756894212234,1756894212339,105,853.8,0.983447
28648432,1756894227096,1756894227202,106,853.8,0.104114
28648433,1756894235380,1756894235532,152,853.6,0.025177
28648434,1756894242444,1756894242548,104,853.5,0.01385
28648435,1756894255023,1756894255126,103,853.4,0.046475
28648436,1756894256647,1756894256752,105,853.5,0.001283
28648437,1756894257868,1756894257970,102,853.4,0.039964
28648438,1756894289843,1756894289949,106,853.4,0.00127
28648440,1756894296440,1756894296547,107,853.5,0.553608
28648441,1756894298971,1756894299075,104,853.5,0.016285
28648442,1756894322178,1756894322286,108,853.4,0.32222
28648443,1756894323568,1756894323677,109,853.4,0.093638
28648444,1756894331625,1756894331730,105,853.4,0.015871
28648445,1756894341639,1756894341742,103,853.5,1.077094
28648446,1756894349594,1756894349699,105,853.5,0.011716
28648448,1756894366370,1756894366476,106,853.5,0.623588
28648451,1756894392248,1756894392382,134,853.5,2.902437
28648452,1756894396035,1756894396141,106,853.7,0.001054
28648453,1756894398101,1756894398208,107,853.6,2
28648454,1756894405840,1756894405945,105,853.7,0.001171
28648455,1756894409622,1756894409729,107,853.7,0.019078
28648456,1756894452841,1756894452959,118,853.7,0.160459
28648457,1756894484256,1756894484362,106,853.6,0.075984
28648458,1756894493102,1756894493209,107,853.6,0.144533
28648459,1756894496814,1756894496920,106,853.9,0.060066
28648461,1756894497799,1756894497901,102,853.9,2.64447
28648466,1756894498191,1756894498302,111,853.8,4.636563
28648468,1756894501939,1756894502045,106,853.8,1.668438
28648470,1756894504505,1756894504608,103,854,0.004566
28648471,1756894505404,1756894505519,115,854,0.421743
28648472,1756894505450,1756894505552,102,853.9,0.193495
28648474,1756894506402,1756894506505,103,853.8,1.765237
28648477,1756894507078,1756894507185,107,853.8,1.765237
28648478,1756894515620,1756894515726,106,853.9,0.140122
28648479,1756894521196,1756894521302,106,853.9,0.146404
28648481,1756894521196,1756894521302,106,853.8,1.253039
28648482,1756894521333,1756894521435,102,853.9,0.004617
28648488,1756894524597,1756894524703,106,853.8,5.523828
28648489,1756894524609,1756894524711,102,853.8,9.542215
28648490,1756894527122,1756894527226,104,853.8,3.611
28648491,1756894529064,1756894529167,103,853.8,3.611
28648492,1756894529118,1756894529220,102,853.8,17.578266
28648493,1756894529520,1756894529623,103,853.8,3.819114
28648494,1756894529520,1756894529623,103,853.8,0.508
28648495,1756894529522,1756894529630,108,853.8,0.635049
28648496,1756894529587,1756894529689,102,853.8,2.02302
28648497,1756894529588,1756894529691,103,853.8,0.880244
28648498,1756894529616,1756894529718,102,853.8,0.832
28648499,1756894529659,1756894529766,107,853.8,0.686579
28648500,1756894529660,1756894529766,106,853.8,0.916081
28648501,1756894529660,1756894529766,106,853.8,1.810902
28648502,1756894529665,1756894529768,103,853.8,2.386115
28648503,1756894529667,1756894529770,103,853.8,3.173
28648504,1756894529674,1756894529777,103,853.8,2.177832
28648505,1756894529688,1756894529791,103,853.8,0.208479
28648506,1756894529717,1756894529819,102,853.8,2.976
28648507,1756894530423,1756894530528,105,853.8,2.651509
28648508,1756894530425,1756894530533,108,853.8,2.252748
28648509,1756894530428,1756894530533,105,853.8,55.206218
28648510,1756894549703,1756894549806,103,854.1,0.001633
28648511,1756894556300,1756894556406,106,854,0.146368
28648517,1756894556300,1756894556406,106,853.9,13.6677
28648518,1756894564309,1756894564414,105,854,0.086382
28648519,1756894567575,1756894567680,105,854,0.015668
28648520,1756894568952,1756894569058,106,854.1,0.066583
28648521,1756894571960,1756894572064,104,854,0.146366
28648523,1756894571960,1756894572064,104,853.9,0.96262
28648524,1756894580864,1756894580967,103,854.1,1.170823
28648525,1756894584186,1756894584289,103,854.1,0.007282
28648526,1756894588916,1756894589023,107,854.1,0.007024
28648527,1756894609218,1756894609321,103,853.8,0.006951
28648528,1756894613920,1756894614029,109,853.8,0.05
28648529,1756894618635,1756894618741,106,853.8,0.001991
28648530,1756894626042,1756894626147,105,853.8,0.081903
28648531,1756894652101,1756894652207,106,853.8,0.011712
28648532,1756894653722,1756894653825,103,853.8,0.014807
28648533,1756894653934,1756894654041,107,853.8,0.003803
28648534,1756894676419,1756894676525,106,853.7,0.001
28648535,1756894676419,1756894676525,106,853.6,0.119235
28648536,1756894682443,1756894682552,109,853.6,0.011214
28648537,1756894693062,1756894693172,110,853.6,0.054836
28648538,1756894706545,1756894706650,105,853.7,0.052611
28648540,1756894735511,1756894735617,106,853.7,3.015579
28648541,1756894750202,1756894750333,131,853.7,0.044159
28648542,1756894759520,1756894759629,109,853.7,0.0305
28648543,1756894764454,1756894764562,108,853.6,0.028499
28648545,1756894766704,1756894766818,114,853.6,1.5
28648546,1756894775509,1756894775615,106,853.9,0.131982
28648548,1756894783519,1756894783624,105,854,0.014882
28648550,1756894790574,1756894790680,106,854,2.342743
28648551,1756894791280,1756894791385,105,854,0.053027
28648552,1756894809513,1756894809616,103,854.1,0.132957
28648553,1756894824120,1756894824223,103,854.1,0.032575
28648555,1756894835485,1756894835591,106,854,0.675
28648558,1756894845186,1756894845291,105,854,1.000912
28648559,1756894857751,1756894857857,106,854.2,0.001
28648560,1756894864579,1756894864682,103,854.3,0.00117
28648562,1756894882527,1756894882630,103,854.3,2.046971
28648564,1756894888367,1756894888469,102,854.4,0.186204
28648565,1756894889773,1756894889883,110,854.5,0.026665
28648566,1756894904261,1756894904367,106,854.2,0.043549
28648567,1756894912961,1756894913064,103,854.2,2.161386
28648568,1756894926410,1756894926519,109,854.3,0.023318
28648569,1756894929857,1756894929982,125,854.2,1.777948
28648573,1756894929861,1756894929999,138,854.1,4.191316
28648574,1756894929866,1756894930004,138,854,3.534546
28648575,1756894929869,1756894930025,156,854,0.682205
28648576,1756894929871,1756894930046,175,854,0.920814
28648580,1756894929877,1756894930052,175,854,2.16123
28648581,1756894929893,1756894930087,194,854.1,0.327947
28648583,1756894930089,1756894930278,189,853.9,0.029
28648584,1756894933085,1756894933187,102,853.8,1.40661
28648586,1756894945291,1756894945396,105,854.1,2.024391
28648594,1756894945291,1756894945397,106,854,5.629663
28648595,1756894945335,1756894945441,106,854,1.462977
28648596,1756894945344,1756894945452,108,854,0.774401
28648597,1756894945489,1756894945601,112,854,0.5521
28648598,1756894945554,1756894945657,103,854,0.62921
28648599,1756894945555,1756894945658,103,854,0.66519
28648600,1756894945743,1756894945846,103,854,14.26015
28648601,1756894945743,1756894945846,103,854,0.340963
28648602,1756894945743,1756894945846,103,854,0.340963
28648603,1756894959857,1756894959965,108,854,0.066396
28648604,1756894964060,1756894964167,107,854,0.001976
28648608,1756894978881,1756894978987,106,854.2,3.511714
28648610,1756894980393,1756894980501,108,854.1,0.157804
28648611,1756895013737,1756895013842,105,854.1,0.130472
28648614,1756895026319,1756895026423,104,854,0.498246
28648615,1756895043675,1756895043784,109,853.9,0.047599
28648616,1756895056888,1756895056990,102,854,0.052817
28648617,1756895070053,1756895070160,107,854.1,0.0015
28648619,1756895083826,1756895083929,103,854.2,0.318349
28648620,1756895088258,1756895088364,106,854.1,0.073999
28648621,1756895105303,1756895105405,102,854,1
28648622,1756895110488,1756895110594,106,854,0.056206
28648625,1756895181722,1756895181826,104,853.7,0.419183
28648626,1756895188181,1756895188294,113,853.7,1.23
28648627,1756895188409,1756895188511,102,853.7,2.171246
28648628,1756895190594,1756895190698,104,853.8,0.039336
28648629,1756895191262,1756895191399,137,853.7,0.146401
28648630,1756895191265,1756895191399,134,853.6,0.119999
28648631,1756895191266,1756895191399,133,853.6,0.119999
28648634,1756895205068,1756895205175,107,853.5,0.335848
28648635,1756895205488,1756895205594,106,853.6,0.0568
28648636,1756895209211,1756895209318,107,853.6,0.07029
28648638,1756895210019,1756895210125,106,853.6,3.132263
28648640,1756895210989,1756895211092,103,853.6,0.921065
28648642,1756895218805,1756895218914,109,853.5,2.292149
28648643,1756895218909,1756895219011,102,853.5,0.02253
28648644,1756895220940,1756895221046,106,853.5,0.099246
28648646,1756895224140,1756895224247,107,853.4,10.234035
28648648,1756895224306,1756895224416,110,853.5,3.200844
28648649,1756895225935,1756895226038,103,853.6,0.097037
28648650,1756895230957,1756895231067,110,853.6,0.024073
28648651,1756895232467,1756895232572,105,853.5,0.151486
28648652,1756895235187,1756895235294,107,853.6,0.005858
28648653,1756895276934,1756895277039,105,853.7,0.0015
28648654,1756895278134,1756895278248,114,853.8,0.001405
28648655,1756895296428,1756895296543,115,853.8,1.172
28648656,1756895314872,1756895314977,105,853.8,0.040876
28648657,1756895315271,1756895315376,105,853.8,0.063099
28648658,1756895318513,1756895318619,106,853.7,0.251
28648659,1756895326072,1756895326178,106,853.8,0.011712
28648660,1756895326765,1756895326874,109,853.7,0.009961
28648661,1756895341154,1756895341261,107,853.7,0.235081
28648662,1756895349169,1756895349275,106,853.8,0.018438
28648663,1756895349169,1756895349275,106,853.9,0.308358
28648664,1756895379774,1756895379884,110,853.9,0.16379
28648665,1756895420838,1756895420943,105,854,0.001
28648666,1756895423192,1756895423302,110,854.1,0.045076
28648667,1756895427882,1756895427986,104,854.1,0.433306
28648669,1756895446333,1756895446439,106,854.2,0.002341
28648670,1756895469087,1756895469190,103,854.1,0.07875
28648671,1756895469363,1756895469469,106,854.2,0.507557
28648673,1756895486455,1756895486562,107,854.1,2.242626
28648674,1756895514801,1756895514908,107,854,0.143393
28648675,1756895518398,1756895518504,106,854,0.045984
28648676,1756895524033,1756895524139,106,854,0.016328
28648677,1756895534505,1756895534608,103,854,0.014
28648678,1756895539357,1756895539467,110,854,0.027081
28648679,1756895540858,1756895540964,106,854,0.0162
28648680,1756895540859,1756895540964,105,854,0.012719
28648684,1756895545287,1756895545399,112,854.1,2.994032
28648685,1756895569210,1756895569317,107,854.1,0.001011
28648686,1756895592630,1756895592736,106,854,0.1
28648687,1756895599071,1756895599178,107,853.9,0.004827
28648688,1756895600611,1756895600716,105,853.9,0.01288
28648690,1756895606921,1756895607027,106,853.9,0.793957
28648691,1756895634665,1756895634771,106,853.8,0.002121
28648692,1756895637712,1756895637818,106,853.8,0.010393
28648693,1756895644624,1756895644730,106,853.8,0.156857
28648696,1756895651385,1756895651491,106,853.8,1.999173
28648698,1756895651502,1756895651609,107,853.9,0.098973
28648699,1756895671099,1756895671207,108,853.9,0.249677
28648700,1756895689124,1756895689226,102,853.8,0.017568
28648701,1756895708247,1756895708352,105,853.8,0.728858
28648706,1756895728091,1756895728199,108,853.7,3.270235
28648708,1756895728091,1756895728199,108,853.6,0.249433
28648709,1756895759285,1756895759394,109,853.8,0.138151
28648710,1756895770230,1756895770336,106,853.8,0.049074
28648711,1756895781774,1756895781883,109,853.7,1.219056
28648712,1756895798959,1756895799065,106,853.7,0.002694
28648714,1756895799363,1756895799469,106,853.7,0.256396
28648715,1756895801727,1756895801833,106,853.7,1.168928
28648716,1756895805702,1756895805809,107,853.7,0.112685
28648717,1756895814125,1756895814228,103,853.6,0.005743
28648718,1756895822662,1756895822768,106,853.7,0.011924
28648720,1756895823159,1756895823265,106,853.6,1.40661
28648721,1756895832428,1756895832533,105,853.6,0.09107
28648724,1756895857024,1756895857127,103,853.7,3
28648725,1756895871057,1756895871160,103,853.8,0.258
28648727,1756895874446,1756895874553,107,854,0.929034
28648728,1756895878665,1756895878772,107,853.9,0.474411
28648729,1756895893363,1756895893469,106,853.9,0.265721
28648730,1756895936712,1756895936818,106,853.9,0.411452
28648731,1756895960977,1756895961087,110,853.9,0.138078
28648732,1756895964235,1756895964337,102,853.9,0.06429
28648734,1756896007504,1756896007624,120,854,0.109843
28648735,1756896011356,1756896011463,107,854,0.636036
28648737,1756896055761,1756896055871,110,854.1,1.346619
28648738,1756896056292,1756896056404,112,854,0.135378
28648739,1756896058060,1756896058164,104,854,0.01206
28648740,1756896085490,1756896085599,109,853.8,1.142857
28648741,1756896092351,1756896092462,111,853.7,0.375697
28648742,1756896108143,1756896108250,107,853.6,0.024045
28648743,1756896137565,1756896137674,109,853.7,1.166982
28648745,1756896146979,1756896147085,106,853.7,1.280406
28648746,1756896186357,1756896186460,103,853.7,0.153
28648747,1756896208753,1756896208863,110,853.8,1.27426
28648755,1756896208753,1756896208863,110,853.7,4.908059
28648759,1756896210425,1756896210532,107,853.7,5.939875
28648760,1756896218439,1756896218552,113,853.7,0.082
28648761,1756896251718,1756896251825,107,853.7,1.794706
28648764,1756896251728,1756896251832,104,853.8,4.18737
28648771,1756896251728,1756896251832,104,853.9,10.21863
28648773,1756896276745,1756896276929,184,853.9,0.433891
28648774,1756896307298,1756896307402,104,853.9,0.007343
28648775,1756896311042,1756896311148,106,853.9,0.062322
28648776,1756896316484,1756896316591,107,853.8,0.062402
28648899,1756897374590,1756897374701,111,853.9,0.109092
28648900,1756897379967,1756897380079,112,854,0.155797
28648901,1756897381188,1756897381296,108,854,0.081147
28648902,1756897383886,1756897383995,109,853.8,0.045001
28648903,1756897396663,1756897396778,115,853.8,0.243131
28648907,1756897401803,1756897401912,109,853.8,2.620871
28648908,1756897403965,1756897404079,114,853.7,0.020303
28648909,1756897415560,1756897415672,112,853.8,0.175661
28648910,1756897415561,1756897415672,111,853.8,0.234222
28648911,1756897417371,1756897417480,109,853.7,0.05192
28648912,1756897420691,1756897420802,111,853.6,0.236935
28648913,1756897437748,1756897437861,113,853.8,0.399709
28648914,1756897448351,1756897448467,116,854,0.7
28648915,1756897454819,1756897454928,109,854.2,0.001
28648916,1756897457249,1756897457358,109,854.3,0.0268
28648917,1756897477171,1756897477283,112,854.3,0.000024
28648919,1756897477171,1756897477283,112,854.4,0.00852
28648920,1756897478238,1756897478350,112,854.4,0.016999
28648921,1756897481142,1756897481255,113,854.4,0.0015
28648922,1756897481142,1756897481255,113,854.5,0.012758
28648923,1756897483904,1756897484015,111,854.4,0.1
28648925,1756897490964,1756897491074,110,854.4,0.232043
28648930,1756897504764,1756897504875,111,854.6,0.046816
28648931,1756897504780,1756897504888,108,854.6,0.046816
28648932,1756897504780,1756897504889,109,854.6,0.046816
28648933,1756897504786,1756897504898,112,854.6,0.046816
28648934,1756897504788,1756897504898,110,854.6,0.046816
28648935,1756897504791,1756897504900,109,854.6,0.046816
28648936,1756897504792,1756897504903,111,854.6,0.046816
28648937,1756897504805,1756897504918,113,854.6,0.046816
28648938,1756897508616,1756897508730,114,854.6,0.586029
28648941,1756897514575,1756897514685,110,854.7,0.590034
28648942,1756897525274,1756897525386,112,854.7,0.87719
28648944,1756897525616,1756897525728,112,854.8,0.856925
28648946,1756897535307,1756897535418,111,854.7,1.35328
28648947,1756897535307,1756897535418,111,854.7,0.38956
28648948,1756897535307,1756897535418,111,854.7,0.529276
28648951,1756897535309,1756897535419,110,854.6,2.15658
28648952,1756897535336,1756897535447,111,854.5,1.892213
28648954,1756897535336,1756897535447,111,854.4,0.379787
28648955,1756897536866,1756897536978,112,854.5,0.17199
28648956,1756897543777,1756897543931,154,854.4,0.2
28648957,1756897571927,1756897572047,120,854.7,0.014157
28648958,1756897580538,1756897580650,112,854.8,0.016378
28648960,1756897586176,1756897586295,119,854.7,1.781607
28648962,1756897588719,1756897588832,113,854.6,1.446365
28648964,1756897588719,1756897588832,113,854.5,3.984635
28648965,1756897609563,1756897609675,112,854.7,0.134021
28648966,1756897616014,1756897616126,112,854.7,0.175381
28648967,1756897616027,1756897616136,109,854.7,0.175381
28648968,1756897616028,1756897616136,108,854.7,0.233842
28648969,1756897616148,1756897616260,112,854.7,0.276379
28648970,1756897641827,1756897641937,110,854.7,0.1521
28648971,1756897643024,1756897643159,135,854.6,0.015242
28648974,1756897661069,1756897661182,113,854.6,2.257612
28648981,1756897661069,1756897661182,113,854.5,8.272388
28648982,1756897665189,1756897665302,113,854.7,0.32
28648983,1756897667012,1756897667164,152,854.7,0.117
28648984,1756897669522,1756897669635,113,854.7,0.058545
28648985,1756897676646,1756897676759,113,854.6,0.175545
28648986,1756897676647,1756897676759,112,854.6,0.234052
28648987,1756897676647,1756897676759,112,854.6,0.175547
28648988,1756897676680,1756897676790,110,854.6,0.131621
28648989,1756897676680,1756897676790,110,854.5,0.219633
28648990,1756897691745,1756897691858,113,854.6,0.032965
28648991,1756897710958,1756897711070,112,854.6,0.018157
28648992,1756897735282,1756897735392,110,854.7,0.020995
28648993,1756897739546,1756897739668,122,854.6,0.014756
28648994,1756897764233,1756897764346,113,854.6,0.016362
28648995,1756897775002,1756897775112,110,854.6,0.285313
28648996,1756897784040,1756897784149,109,854.5,0.045694
28648998,1756897784040,1756897784150,110,854.4,1.368504
28648999,1756897784514,1756897784624,110,854.4,2.128414
28649001,1756897784514,1756897784624,110,854.5,1.164639
28649002,1756897797195,1756897797321,126,854.5,0.058506
28649003,1756897805821,1756897805931,110,854.5,0.421999
28649005,1756897821631,1756897821746,115,854.7,0.585
28649006,1756897828625,1756897828737,112,854.7,0.051539
28649007,1756897850148,1756897850260,112,854.7,0.052973
28649008,1756897880315,1756897880427,112,854.7,0.055
28649014,1756897881395,1756897881511,116,854.7,3.406644
28649019,1756897881395,1756897881511,116,854.6,4.69534
28649024,1756897881395,1756897881511,116,854.5,6.169646
28649026,1756897881395,1756897881511,116,854.5,4.610018
28649035,1756897881395,1756897881511,116,854.4,2.333791
28649055,1756897881395,1756897881511,116,854.3,35.960866
28649059,1756897881395,1756897881511,116,854.2,4.975055
28649060,1756897881398,1756897881511,113,854.2,0.709995
28649062,1756897881398,1756897881511,113,854.2,0.709667
28649063,1756897881398,1756897881511,113,854.3,0.709838
28649064,1756897881398,1756897881511,113,854.4,0.710026
28649065,1756897881398,1756897881511,113,854.4,0.709816
28649066,1756897881398,1756897881511,113,854.4,0.289909
28649067,1756897881398,1756897881511,113,854.4,0.428057
28649068,1756897881398,1756897881511,113,854.3,0.02187
28649069,1756897881398,1756897881511,113,854.3,0.290097
28649070,1756897881398,1756897881511,113,854.3,0.289907
28649071,1756897881528,1756897881645,117,854.5,1.313714
28649072,1756897881599,1756897881709,110,854.5,0.41517
28649073,1756897903987,1756897904099,112,854.6,1.172478
28649074,1756897904211,1756897904323,112,854.6,0.330186
28649075,1756897907105,1756897907218,113,854.5,0.131625
28649076,1756897910731,1756897910847,116,854.4,0.001
28649077,1756897919828,1756897919941,113,854.4,0.102375
28649078,1756897919838,1756897919947,109,854.4,3.247546
28649080,1756897925028,1756897925140,112,854.5,0.133146
28649081,1756897930327,1756897930440,113,854.5,3.107856
28649082,1756897930353,1756897930463,110,854.5,0.792198
28649084,1756897930353,1756897930463,110,854.6,2.565802
28649085,1756897945821,1756897945930,109,854.6,0.044925
28649086,1756897956170,1756897956288,118,854.6,0.085671
28649088,1756897957165,1756897957278,113,854.6,3.257292
28649089,1756897962075,1756897962184,109,854.6,2.349759
28649090,1756898004391,1756898004507,116,854.5,0.234022
28649091,1756898004391,1756898004507,116,854.5,0.175516
28649092,1756898011421,1756898011537,116,854.5,0.00117
28649094,1756898015078,1756898015188,110,854.5,1.813452
28649095,1756898015249,1756898015359,110,854.6,0.174978
28649096,1756898029324,1756898029436,112,854.6,0.05
28649097,1756898032633,1756898032747,114,854.6,0.175494
28649098,1756898032633,1756898032747,114,854.6,0.234002
28649099,1756898032633,1756898032747,114,854.6,0.175496
28649101,1756898041841,1756898041952,111,854.6,0.134044
28649102,1756898063206,1756898063334,128,854.6,0.12987
28649103,1756898070747,1756898070861,114,854.6,0.585069
28649104,1756898074679,1756898074792,113,854.5,0.033009
28649105,1756898078525,1756898078638,113,854.4,0.092339
28649106,1756898092692,1756898092806,114,854.5,0.014647
28649107,1756898102890,1756898103004,114,854.4,0.022229
28649110,1756898114689,1756898114800,111,854.5,2.210714
28649112,1756898125348,1756898125467,119,854.6,1.944675
28649113,1756898126391,1756898126504,113,854.7,0.285313
28649114,1756898131599,1756898131712,113,854.7,0.007722
28649115,1756898181343,1756898181456,113,854.6,0.025
28649116,1756898189238,1756898189348,110,854.5,0.008894
28649117,1756898193254,1756898193364,110,854.5,0.213672
28649119,1756898210217,1756898210334,117,854.6,0.016542
28649120,1756898224725,1756898224836,111,854.6,0.060066
28649121,1756898228939,1756898229052,113,854.6,0.0015
28649123,1756898230905,1756898231018,113,854.7,0.004578
28649125,1756898239704,1756898239823,119,854.7,1.653482
28649126,1756898239704,1756898239823,119,854.7,0.34848
28649127,1756898239704,1756898239823,119,854.7,0.34848
28649130,1756898242797,1756898242912,115,854.9,0.064025
28649133,1756898247484,1756898247598,114,854.8,3.292854
28649134,1756898258884,1756898258998,114,854.9,0.001052
28649135,1756898265747,1756898265857,110,854.9,0.071002
28649137,1756898267748,1756898267862,114,854.8,2.233503
28649141,1756898285693,1756898285812,119,854.8,5.29906
28649146,1756898296215,1756898296331,116,854.9,3.226108
28649148,1756898300197,1756898300308,111,854.9,0.21734
28649150,1756898328512,1756898328628,116,854.8,2.774212
28649151,1756898345303,1756898345418,115,854.7,0.016382
28649152,1756898355295,1756898355406,111,854.7,0.002323
28649154,1756898370318,1756898370434,116,854.8,0.022928
28649156,1756898381726,1756898381846,120,854.7,2.363866
28649157,1756898412375,1756898412490,115,854.7,0.006419
28649158,1756898416153,1756898416268,115,854.6,0.012062
28649160,1756898421917,1756898422046,129,854.6,0.212184
28649161,1756898437993,1756898438109,116,854.7,0.105329
28649162,1756898439971,1756898440086,115,854.8,0.03
28649163,1756898443726,1756898443841,115,854.8,0.093047
28649164,1756898449073,1756898449188,115,854.7,0.258528
28649165,1756898465951,1756898466076,125,854.6,0.005353
28649166,1756898467310,1756898467422,112,854.6,0.0268
28649167,1756898467773,1756898467885,112,854.6,0.0014
28649168,1756898469470,1756898469585,115,854.6,0.000044
28649170,1756898485521,1756898485634,113,854.5,0.296079
28649172,1756898485531,1756898485643,112,854.4,2.277949
28649173,1756898494569,1756898494684,115,854.4,0.003365
28649176,1756898531037,1756898531179,142,854.5,3.824697
28649177,1756898531037,1756898531179,142,854.5,2.587448
28649178,1756898531037,1756898531191,154,854.5,0.376589
28649179,1756898531047,1756898531194,147,854.6,0.242209
28649180,1756898531048,1756898531194,146,854.6,1.30916
28649181,1756898531175,1756898531288,113,854.6,1.312363
28649182,1756898531258,1756898531369,111,854.6,1.452786
28649185,1756898536080,1756898536238,158,854.7,3.025685
28649186,1756898538770,1756898538890,120,854.5,0.042364
28649187,1756898555861,1756898555981,120,854.6,0.00117
28649188,1756898566834,1756898566952,118,854.6,0.196661
28649189,1756898618999,1756898619126,127,854.6,0.00117
28649190,1756898627769,1756898627887,118,854.4,0.119999
28649191,1756898627769,1756898627888,119,854.4,0.119999
28649192,1756898688529,1756898688644,115,854.5,0.012792
28649193,1756898698430,1756898698550,120,854.6,1.407559
28649194,1756898699990,1756898700132,142,854.5,0.106772
28649195,1756898702811,1756898702925,114,854.5,0.026426
28649197,1756898716193,1756898716307,114,854.7,0.35
                                                                                                                                                                                                                                                                                        28649500,1756901052599,1756901052739,140,854.2,0.009073
28649501,1756901071295,1756901071416,121,854.2,0.113954
28649502,1756901085046,1756901085164,118,854.3,0.12814
28649503,1756901096173,1756901096294,121,854.1,0.085531
28649504,1756901108611,1756901108730,119,854.1,0.081533
28649505,1756901110397,1756901110518,121,854.1,0.014603
28649506,1756901110399,1756901110520,121,854,0.119999
28649508,1756901110399,1756901110520,121,854,0.109931
28649512,1756901110399,1756901110520,121,853.9,0.010068
28649513,1756901115379,1756901115500,121,853.8,0.030472
28649515,1756901119508,1756901119639,131,853.8,2.458658
28649516,1756901119654,1756901119773,119,853.7,0.001
28649519,1756901119654,1756901119773,119,853.6,2.204
28649520,1756901120334,1756901120455,121,853.7,0.098824
28649521,1756901131237,1756901131354,117,853.7,0.070669
28649522,1756901138869,1756901138990,121,853.7,2.188208
28649523,1756901138955,1756901139074,119,853.6,0.349
28649524,1756901166139,1756901166263,124,853.7,0.229986
28649525,1756901169769,1756901169886,117,853.6,0.243
28649526,1756901179590,1756901179708,118,853.7,0.004099
